id,title,content,category
1,"Introduction to AI","Artificial Intelligence is transforming industries by enabling machines to learn from data, make decisions, and perform tasks that previously required human intelligence. Machine learning algorithms, neural networks, and deep learning are core components of modern AI systems.","Technology"
2,"Climate Change Effects","Global warming impacts are becoming more severe as greenhouse gas emissions continue to rise. Rising sea levels, extreme weather events, and ecosystem disruption are direct consequences of climate change that require immediate action from governments and individuals.","Science"
3,"MongoDB Tutorial","Learn how to use MongoDB for modern applications. MongoDB is a document-oriented NoSQL database that stores data in flexible JSON-like documents. It supports horizontal scaling, rich queries, and is widely used for web and mobile applications.","Database"
4,"Healthy Eating Habits","Nutrition plays a crucial role in overall health and well-being. A balanced diet rich in fruits, vegetables, lean proteins, and whole grains can prevent chronic diseases, boost energy levels, and improve mental health and cognitive function.","Health"
5,"GraphQL vs REST","Comparison between GraphQL and REST APIs reveals key differences in data fetching, flexibility, and performance. GraphQL allows clients to request exactly the data they need, reducing over-fetching and under-fetching common in REST architectures.","API"
6,"Renewable Energy","Solar and wind power are sustainable alternatives to fossil fuels that are becoming increasingly cost-effective. Renewable energy sources reduce carbon emissions, create jobs, and provide energy independence for nations and communities worldwide.","Science"
7,"Python Programming","Python is versatile for data science, web development, automation, and artificial intelligence. Its simple syntax, extensive libraries like NumPy, Pandas, and TensorFlow, and strong community support make it one of the most popular programming languages.","Programming"
8,"Mental Health Awareness","Understanding mental health is important for overall well-being. Common conditions like anxiety and depression affect millions worldwide. Early intervention, therapy, medication, and lifestyle changes such as exercise and mindfulness can significantly improve mental health outcomes.","Health"
9,"Blockchain Technology","Blockchain enables secure decentralized systems by storing data in immutable distributed ledgers. Originally developed for Bitcoin, blockchain technology is now used in supply chain management, smart contracts, healthcare records, and digital identity verification.","Technology"
10,"SQL Optimization","Techniques to optimize SQL query performance include proper indexing strategies, query execution plan analysis, avoiding N+1 queries, using database caching, and normalizing or denormalizing data structures based on read and write patterns.","Database"
